Sample	posterior	ESS(posterior)	likelihood	prior
0	-8335.647415631665	N	-8325.237028595684	-10.410387035981923
1000	-8185.463155940872	2.0	-8179.786227070361	-5.676928870510481
2000	-8184.514987369646	3.0	-8178.615841474672	-5.899145894973715
3000	-8183.239614784777	4.0	-8177.695759957401	-5.5438548273757835
4000	-8183.778749552501	5.0	-8178.142353508491	-5.6363960440096434
5000	-8186.919504775737	6.0	-8181.42302100275	-5.496483772986416
6000	-8185.116527673574	7.0	-8178.557331663396	-6.5591960101776055
7000	-8183.871076584811	8.0	-8178.207951529386	-5.663125055424867
8000	-8185.666814254252	9.0	-8180.209387102458	-5.457427151794071
9000	-8187.220486809554	9.0	-8181.036158050824	-6.184328758729492
10000	-8189.292374863422	7.0	-8184.0954776536955	-5.196897209726501
11000	-8184.875652141112	8.9	-8179.192985644844	-5.6826664962681255
12000	-8185.751529940737	8.9	-8179.466384338391	-6.2851456023455725
13000	-8184.7826207368435	11.3	-8178.996756609437	-5.7858641274058
14000	-8186.786390974109	10.6	-8181.093469982914	-5.692920991195271
15000	-8185.2073625495395	11.4	-8179.3934806064835	-5.813881943056124
16000	-8189.228268164357	12.9	-8182.5137876990575	-6.714480465300257
17000	-8183.362579119138	17.0	-8177.474097223879	-5.888481895259352
18000	-8184.072357778568	18.0	-8178.656943170606	-5.415414607962682
19000	-8185.0402752837235	18.0	-8179.700743933224	-5.339531350499509
20000	-8183.282926526761	17.6	-8177.90570130012	-5.37722522664113
21000	-8188.261875213673	20.0	-8182.848644050713	-5.41323116295999
22000	-8183.616258099929	21.0	-8178.138053288974	-5.4782048109547965
23000	-8190.177525530332	22.0	-8184.743748071267	-5.433777459064918
24000	-8185.5476845919275	23.0	-8179.682213337001	-5.865471254926691
25000	-8183.9843195905105	24.0	-8178.231551002933	-5.752768587577124
26000	-8185.8541586552055	25.0	-8180.477675391393	-5.376483263812889
27000	-8185.419948013515	26.0	-8179.157949375381	-6.2619986381342105
28000	-8183.886204108964	27.0	-8177.711620838037	-6.174583270927456
29000	-8187.917738167615	27.0	-8180.79733275721	-7.120405410405776
30000	-8182.94568756801	28.0	-8177.592127203403	-5.3535603646067305
31000	-8187.87674503155	29.0	-8181.812554256837	-6.06419077471303
32000	-8185.0244484151535	30.0	-8179.363662226545	-5.660786188608412
33000	-8185.0053017423215	31.0	-8179.585524599474	-5.419777142846895
34000	-8186.087469315356	32.0	-8179.025973622776	-7.061495692580097
35000	-8186.8003423425835	33.0	-8181.532073618651	-5.268268723931952
36000	-8185.137135625971	34.0	-8178.413792372173	-6.723343253797749
37000	-8183.727635493869	35.0	-8178.147805115828	-5.579830378040605
38000	-8186.029345398371	36.0	-8180.419702325514	-5.609643072858018
39000	-8184.194259260463	36.0	-8177.992558045964	-6.201701214498579
40000	-8183.731140069559	37.0	-8177.968333270863	-5.762806798695722
41000	-8184.508779872879	38.0	-8178.622007456553	-5.886772416326064
42000	-8183.408190347306	39.0	-8177.852279284759	-5.555911062547261
43000	-8186.272322508293	40.0	-8180.524819069489	-5.747503438803106
44000	-8186.852184817645	41.0	-8180.304387187408	-6.547797630236946
45000	-8184.752180405866	42.0	-8178.4007031117	-6.351477294166399
46000	-8184.612996587396	43.0	-8178.557827482632	-6.0551691047640075
47000	-8191.32924163146	44.0	-8185.184001775186	-6.145239856274092
48000	-8183.6275339519125	45.0	-8177.807787214483	-5.81974673742933
49000	-8187.154706067042	45.0	-8181.732610880251	-5.422095186791228
50000	-8190.132307205754	46.0	-8184.543607090444	-5.588700115309168
51000	-8187.1165468538165	47.0	-8181.403196401129	-5.713350452687065
52000	-8186.755242844851	48.0	-8180.862076899615	-5.893165945235792
53000	-8185.79157532173	49.0	-8180.317591878909	-5.4739834428211935
54000	-8186.969811365519	50.0	-8181.50363815332	-5.466173212198385
55000	-8185.598335613298	51.0	-8178.856919797157	-6.7414158161412345
56000	-8185.460628612723	52.0	-8178.633585743544	-6.827042869178767
57000	-8187.11650430982	53.0	-8180.845514374451	-6.270989935368737
58000	-8186.084896389364	54.0	-8179.590060052033	-6.494836337331529
59000	-8185.9186322328105	54.0	-8178.090696886021	-7.827935346790034
60000	-8186.258164044223	55.0	-8180.431810174243	-5.826353869980089
61000	-8187.334441988084	56.0	-8181.7573774722	-5.577064515884935
62000	-8185.162448666629	57.0	-8179.6156424080145	-5.546806258613998
63000	-8185.001035469188	58.0	-8179.551332431243	-5.449703037944539
64000	-8185.975860411003	59.0	-8178.568710117832	-7.4071502931711635
65000	-8186.751420210818	60.0	-8181.079654350054	-5.671765860764049
66000	-8185.6207445691425	61.0	-8179.843786594503	-5.776957974638835
67000	-8187.460379464693	62.0	-8181.669144859774	-5.791234604918886
68000	-8186.865273927565	63.0	-8180.339981232344	-6.5252926952211405
69000	-8183.776780511672	63.0	-8178.121033329764	-5.655747181907836
70000	-8186.227018085256	64.0	-8180.556569854996	-5.67044823025965
71000	-8192.004748331929	65.0	-8185.887070739142	-6.117677592787162
72000	-8183.82445482356	66.0	-8177.42597343273	-6.398481390830278
73000	-8190.057417962147	67.0	-8183.665148571837	-6.392269390310835
74000	-8182.982175501444	68.0	-8177.36991731521	-5.6122581862335625
75000	-8183.619245332521	69.0	-8177.948511889871	-5.67073344265021
76000	-8185.909831492264	70.0	-8180.525928510439	-5.383902981824786
77000	-8185.188827969316	71.0	-8179.40204790744	-5.786780061875758
78000	-8183.726536819682	72.0	-8177.7526112811	-5.973925538581735
79000	-8183.093844165816	72.0	-8177.555461726369	-5.538382439447582
80000	-8184.227195109022	73.0	-8177.379785860799	-6.8474092482241655
81000	-8183.760701512861	74.0	-8177.97973803369	-5.780963479170548
82000	-8184.540452593723	75.0	-8179.216492410005	-5.3239601837180555
83000	-8183.735411564642	50.0	-8178.525513327901	-5.209898236741115
84000	-8183.845142835321	46.1	-8177.704868757112	-6.140274078208341
85000	-8186.859733904634	49.4	-8180.5690428308235	-6.290691073810157
86000	-8185.4950548174165	49.7	-8179.207275352341	-6.287779465075844
87000	-8189.856763209432	57.6	-8183.490441053968	-6.366322155463253
88000	-8184.632239590981	58.3	-8179.256539077504	-5.375700513476276
89000	-8188.714933095315	58.6	-8183.271433510033	-5.443499585282105
90000	-8185.514263277181	59.8	-8178.218153645475	-7.296109631706689
91000	-8194.010998922227	52.1	-8187.6395265953915	-6.371472326835139
92000	-8183.313657380686	59.9	-8177.296821161334	-6.016836219351445
93000	-8183.985467970639	66.0	-8178.502210803659	-5.483257166979096
94000	-8184.763897122901	68.5	-8178.73489531072	-6.0290018121807165
95000	-8183.5842735556225	73.2	-8177.8043283770885	-5.779945178534005
96000	-8187.858036298405	73.9	-8180.5566300829105	-7.301406215494661
97000	-8185.1676255549055	75.4	-8179.691778725482	-5.475846829423192
98000	-8182.273723712342	70.0	-8176.908618446688	-5.365105265653753
99000	-8187.9347126505145	90.0	-8181.865613459146	-6.069099191369011
100000	-8186.318686266769	91.0	-8179.21562449139	-7.103061775378295
101000	-8185.3352326215845	92.0	-8179.956751832105	-5.378480789479649
102000	-8183.228579205138	93.0	-8177.964883381455	-5.263695823682639
103000	-8185.3905593267755	94.0	-8178.834226014983	-6.556333311792722
104000	-8184.26430220281	95.0	-8177.754048415789	-6.510253787021138
105000	-8184.977694138021	96.0	-8179.336576871228	-5.641117266793321
106000	-8185.873245748125	97.0	-8180.161428234963	-5.7118175131614155
107000	-8185.410275917021	98.0	-8178.807128189917	-6.603147727103577
108000	-8184.597723401212	99.0	-8178.777005678519	-5.820717722692461
109000	-8187.349204647874	99.0	-8181.732948586733	-5.616256061141122
110000	-8185.3699956714845	100.0	-8179.209602285411	-6.160393386073137
111000	-8187.549426708486	101.0	-8181.890500794995	-5.658925913490913
112000	-8182.396942374664	102.0	-8177.009080035785	-5.387862338879251
113000	-8184.67827816743	103.0	-8179.077848601425	-5.600429566004612
114000	-8187.101538037928	104.0	-8180.382574301246	-6.718963736681692
115000	-8184.687037923238	105.0	-8178.598853832154	-6.088184091083598
116000	-8186.061848410443	106.0	-8180.55521118285	-5.506637227593169
117000	-8189.224131271987	107.0	-8183.33392804444	-5.890203227546934
118000	-8189.609969071481	108.0	-8184.366295282701	-5.24367378878001
119000	-8183.945905127761	108.0	-8178.621522184235	-5.32438294352556
120000	-8186.366782265025	109.0	-8180.497813073133	-5.868969191891752
121000	-8185.982147335242	110.0	-8180.590010763895	-5.39213657134664
122000	-8187.741505411316	111.0	-8181.781356829354	-5.9601485819620095
123000	-8183.196860223406	112.0	-8177.748392731266	-5.448467492139722
124000	-8183.923828852973	113.0	-8178.207142703555	-5.716686149418151
125000	-8184.343740320877	114.0	-8179.069582391551	-5.274157929325676
126000	-8186.592404240421	115.0	-8180.549529038426	-6.04287520199492
127000	-8186.416369882759	116.0	-8180.452176965138	-5.964192917620736
128000	-8185.274615198798	117.0	-8179.344148975679	-5.930466223118559
129000	-8186.483082389178	117.0	-8180.926051377026	-5.557031012152473
130000	-8184.785373320758	118.0	-8178.75527139995	-6.030101920807246
131000	-8184.404204417535	119.0	-8178.6143145477035	-5.789889869831482
132000	-8185.111006875829	120.0	-8178.639653119077	-6.471353756752577
133000	-8187.49393238729	121.0	-8181.938583735077	-5.5553486522126745
134000	-8183.537859598848	122.0	-8177.898593409851	-5.639266188996564
135000	-8184.613986900042	123.0	-8179.262842729021	-5.351144171020371
136000	-8184.251107633774	124.0	-8178.547557521632	-5.703550112142009
137000	-8188.189369902112	125.0	-8181.474552192205	-6.714817709906851
138000	-8184.5077820989045	126.0	-8178.846903409762	-5.660878689142564
139000	-8184.710614631833	126.0	-8179.080153450533	-5.630461181299961
140000	-8186.726119429777	127.0	-8181.330797475115	-5.395321954661644
141000	-8188.608662725295	128.0	-8183.295913457978	-5.312749267317172
142000	-8184.957378519381	129.0	-8178.994909224685	-5.962469294695687
143000	-8182.983977892547	130.0	-8177.200857321142	-5.78312057140434
144000	-8186.042402947548	131.0	-8178.874600572394	-7.167802375153681
145000	-8185.556016197736	132.0	-8179.439942172283	-6.116074025453418
146000	-8183.823053005428	133.0	-8178.419074527347	-5.403978478080778
147000	-8185.893259875414	134.0	-8179.7332039208295	-6.1600559545844416
148000	-8185.783816832323	135.0	-8179.854723603522	-5.929093228801658
149000	-8187.3544580966245	135.0	-8180.101452404317	-7.253005692307877
150000	-8185.984372902073	136.0	-8180.411300643934	-5.573072258138952
151000	-8184.283543226079	137.0	-8178.666636637118	-5.6169065889611485
152000	-8187.395788394584	138.0	-8181.273591519027	-6.122196875556891
153000	-8189.778767139615	139.0	-8183.263931447583	-6.514835692032992
154000	-8186.892486874505	140.0	-8181.690838043821	-5.201648830684354
155000	-8186.063774000913	141.0	-8180.946860743078	-5.116913257834936
156000	-8184.506122122289	142.0	-8178.421571771121	-6.084550351166888
157000	-8185.834903445408	143.0	-8179.73566487402	-6.09923857138817
158000	-8184.342798477185	144.0	-8177.101840311088	-7.240958166097114
159000	-8187.811305299673	144.0	-8181.046324378161	-6.7649809215120476
160000	-8185.374983870224	145.0	-8179.674065507078	-5.700918363145898
161000	-8182.955036983787	146.0	-8177.474790183501	-5.480246800286055
162000	-8183.814451996313	147.0	-8178.196774301838	-5.617677694475567
163000	-8183.896534753095	148.0	-8178.55887801198	-5.337656741115178
164000	-8185.825329055543	149.0	-8180.195382573149	-5.629946482393965
165000	-8183.962443961837	150.0	-8178.612075708423	-5.350368253415097
166000	-8184.69115832716	151.0	-8179.227207069603	-5.463951257557472
167000	-8184.602370478475	152.0	-8179.0252517142835	-5.577118764190885
168000	-8184.756897748098	153.0	-8179.348816269216	-5.408081478881769
169000	-8187.566517650409	153.0	-8181.224486635455	-6.342031014954265
170000	-8185.788089508045	154.0	-8180.268408533993	-5.519680974052123
171000	-8185.0240291705795	155.0	-8178.731874963049	-6.29215420753013
172000	-8183.9572165457785	156.0	-8178.056870448592	-5.900346097185903
173000	-8184.040595642297	157.0	-8178.28889102335	-5.751704618947703
174000	-8185.252371615634	158.0	-8179.198395832443	-6.05397578319093
175000	-8184.242978550312	122.9	-8178.681164747762	-5.561813802550606
176000	-8186.432083856183	160.0	-8180.973999804061	-5.4580840521220715
177000	-8185.542434775946	125.8	-8180.048575146765	-5.493859629181299
178000	-8184.4330337071	162.0	-8177.352763110686	-7.080270596413432
179000	-8184.831158936184	162.0	-8179.536796465269	-5.29436247091518
180000	-8185.506326546095	163.0	-8179.298123069473	-6.208203476621997
181000	-8185.614417984302	164.0	-8179.67360872456	-5.940809259741931
182000	-8185.033893130479	165.0	-8179.2491937297555	-5.784699400723106
183000	-8183.812356978709	166.0	-8177.839290868129	-5.9730661105803
184000	-8188.090115232231	167.0	-8180.636806601197	-7.453308631034314
185000	-8182.4747539339405	168.0	-8176.958360380164	-5.516393553776984
186000	-8184.53978149577	169.0	-8179.045320035924	-5.494461459844859
187000	-8184.0881871961865	170.0	-8178.933566714803	-5.154620481382718
188000	-8184.236550469697	171.0	-8178.384207480543	-5.852342989154053
189000	-8185.694833894889	171.0	-8179.874318473353	-5.8205154215357755
190000	-8185.1030779939165	172.0	-8179.567663586766	-5.53541440715098
191000	-8183.415339846296	173.0	-8177.705065313769	-5.710274532526906
192000	-8183.512297549267	125.9	-8178.082729814013	-5.429567735253481
193000	-8184.175227625593	123.6	-8178.394314987635	-5.780912637958171
194000	-8184.906128522555	123.0	-8179.364334118059	-5.5417944044966845
195000	-8190.972911570111	177.0	-8183.816793690674	-7.156117879437389
196000	-8185.006381015951	178.0	-8179.562760915708	-5.44362010024264
197000	-8183.4663163761725	179.0	-8178.267404155002	-5.1989122211709375
198000	-8186.266808248174	180.0	-8177.543982537846	-8.722825710327836
199000	-8185.41932476623	180.0	-8180.016472326332	-5.402852439897032
200000	-8183.977039300475	181.0	-8178.396566246537	-5.580473053937142
201000	-8185.629396202861	182.0	-8178.845202199838	-6.784194003022746
202000	-8186.354578921147	183.0	-8180.204261721915	-6.150317199232088
203000	-8186.47438811777	184.0	-8180.940189420783	-5.5341986969869135
204000	-8183.321225644451	185.0	-8177.381810280586	-5.939415363864844
205000	-8185.234190699432	186.0	-8179.666631269436	-5.56755942999595
206000	-8185.604181381283	187.0	-8180.062724175728	-5.541457205554147
207000	-8184.239663924407	188.0	-8178.867872521136	-5.3717914032714384
208000	-8184.146637271825	189.0	-8178.717450968396	-5.429186303428841
209000	-8187.825384195547	189.0	-8181.813704764624	-6.011679430922603
210000	-8182.577292410029	190.0	-8177.075501730105	-5.501790679924195
211000	-8186.082356391388	191.0	-8180.629665424543	-5.452690966845218
212000	-8186.352072586615	192.0	-8180.558013354186	-5.794059232428797
213000	-8183.459764921141	193.0	-8178.039963090343	-5.419801830798008
214000	-8185.34609754078	194.0	-8179.685453569753	-5.660643971026529
215000	-8184.67010750155	195.0	-8179.235063998883	-5.435043502667088
216000	-8188.3697345376	196.0	-8182.600409268068	-5.76932526953256
217000	-8183.432039923538	197.0	-8177.812011019921	-5.620028903616683
218000	-8183.51730299355	198.0	-8178.037861969708	-5.479441023843089
219000	-8183.245155004507	198.0	-8178.001999854221	-5.243155150286123
220000	-8183.821012771929	199.0	-8177.360734921306	-6.460277850623506
221000	-8186.351229719669	200.0	-8180.85912522078	-5.492104498889982
222000	-8183.425532144436	201.0	-8177.736837588074	-5.688694556362042
223000	-8184.575250050984	202.0	-8178.76306477595	-5.812185275034576
224000	-8185.5476915073705	203.0	-8180.012006809977	-5.535684697393665
225000	-8187.013477238699	204.0	-8179.128891137412	-7.884586101287243
226000	-8183.998040287687	205.0	-8178.515832718784	-5.482207568903738
227000	-8186.4780399034435	206.0	-8180.5308344701925	-5.9472054332513675
228000	-8183.306411622714	207.0	-8177.240915439195	-6.065496183519196
229000	-8185.3306878164085	207.0	-8178.958651230461	-6.372036585947343
230000	-8187.271988948479	208.0	-8180.7605206368535	-6.511468311624956
231000	-8184.226279891907	209.0	-8178.656338536745	-5.569941355162371
232000	-8183.257813805953	210.0	-8177.651879186516	-5.605934619436891
233000	-8183.63017960822	211.0	-8178.108135265648	-5.522044342571509
234000	-8194.331862703852	212.0	-8188.546003638357	-5.7858590654942095
235000	-8185.037867648735	213.0	-8178.014031830859	-7.023835817876881
236000	-8185.576741578989	214.0	-8180.239239114537	-5.337502464451758
237000	-8185.1110062131065	215.0	-8178.633308289926	-6.477697923180516
238000	-8184.16930577539	216.0	-8178.745227430491	-5.424078344899534
239000	-8182.999314594115	216.0	-8177.518790813506	-5.480523780609767
240000	-8186.486731674916	217.0	-8180.270861859503	-6.215869815412319
241000	-8184.846319947232	218.0	-8179.361742210983	-5.484577736248545
242000	-8186.825818258026	219.0	-8181.221604074651	-5.604214183374685
243000	-8183.187604171559	220.0	-8177.482288461824	-5.7053157097339815
244000	-8184.788224322322	221.0	-8179.52153699461	-5.266687327712544
245000	-8182.846375262614	222.0	-8177.555697599055	-5.290677663558908
246000	-8185.078463273088	223.0	-8178.625302509478	-6.45316076361015
247000	-8184.389872562603	224.0	-8178.66873073608	-5.721141826523733
248000	-8185.133767626457	225.0	-8179.710849844448	-5.422917782008952
249000	-8186.251355673133	225.0	-8180.589306133642	-5.662049539491145
250000	-8185.286975584165	226.0	-8179.726702291794	-5.560273292371022
251000	-8186.55956904972	227.0	-8181.152998167375	-5.406570882345595
252000	-8186.532670327251	228.0	-8181.178505037017	-5.354165290234452
253000	-8187.569008219803	229.0	-8180.982857555959	-6.5861506638445375
254000	-8184.291315338138	230.0	-8177.899504523587	-6.391810814550473
255000	-8187.203693673861	231.0	-8181.009699929834	-6.193993744027794
256000	-8190.400724205821	232.0	-8184.7664068637005	-5.634317342119936
257000	-8185.836946191851	233.0	-8180.07582899148	-5.761117200370815
258000	-8183.181296658904	234.0	-8177.39173427709	-5.7895623818137825
259000	-8194.922166475746	234.0	-8186.3714239018955	-8.55074257384976
260000	-8185.488021609084	235.0	-8179.838926059425	-5.6490955496595
261000	-8184.556987480889	236.0	-8179.007437369913	-5.549550110976548
262000	-8184.334722245956	237.0	-8178.96436498981	-5.370357256146232
263000	-8186.7002072069	238.0	-8180.0634987407775	-6.636708466122837
264000	-8184.766455937985	239.0	-8178.729698852116	-6.03675708586894
265000	-8184.805307829519	240.0	-8179.1889523112895	-5.616355518229191
266000	-8185.489965095937	241.0	-8179.889490987242	-5.600474108694671
267000	-8189.19805066341	242.0	-8183.10914422438	-6.08890643903062
268000	-8184.040372113343	243.0	-8178.376731368702	-5.663640744641286
269000	-8184.862166544647	243.0	-8178.849458303688	-6.012708240958943
270000	-8186.345534273288	244.0	-8180.4763313979	-5.869202875387277
271000	-8183.302715803422	245.0	-8177.833109915897	-5.4696058875255265
272000	-8187.04648316074	246.0	-8180.516780669065	-6.529702491674074
273000	-8185.393576039044	247.0	-8179.912832544946	-5.48074349409838
274000	-8185.143230506184	248.0	-8179.21234201386	-5.930888492325162
275000	-8186.378653799496	249.0	-8179.775364025612	-6.603289773883713
276000	-8183.698765315057	250.0	-8178.208917268907	-5.489848046150206
277000	-8183.265281254989	251.0	-8178.078315152729	-5.1869661022588955
278000	-8183.104454877554	252.0	-8177.629223234152	-5.475231643402413
279000	-8184.163771666695	252.0	-8178.341718878634	-5.822052788060612
280000	-8186.330101949915	253.0	-8180.525082810076	-5.805019139838633
281000	-8183.053414577843	254.0	-8177.37845855016	-5.67495602768318
282000	-8186.9997205316	255.0	-8180.75963574809	-6.24008478351031
283000	-8185.775043269243	256.0	-8178.0643691179885	-7.710674151254756
284000	-8186.1402724818745	257.0	-8180.839624061728	-5.300648420146729
285000	-8186.652680752265	258.0	-8181.206195197546	-5.446485554719161
286000	-8189.708892928474	259.0	-8183.388687861334	-6.320205067140105
287000	-8183.6557499954315	260.0	-8177.627060458392	-6.028689537039034
288000	-8187.189429008542	261.0	-8181.840798777082	-5.348630231460104
289000	-8183.480255622742	261.0	-8178.241744971996	-5.238510650746367
290000	-8183.873190300308	262.0	-8178.467797350347	-5.405392949961857
291000	-8183.97387809424	263.0	-8178.629379328326	-5.344498765914424
292000	-8185.861853909708	264.0	-8179.611843622405	-6.250010287302809
293000	-8184.719362827212	265.0	-8178.269359550348	-6.450003276863556
294000	-8185.637661733161	266.0	-8179.479442792155	-6.15821894100543
295000	-8188.309002146676	267.0	-8182.497656138338	-5.811346008337389
296000	-8183.72885739785	268.0	-8178.185036020002	-5.543821377847881
297000	-8187.507885714627	269.0	-8181.980577462216	-5.527308252410515
298000	-8187.169539262979	270.0	-8181.241989478909	-5.92754978407029
299000	-8185.265202849617	270.0	-8179.89382133669	-5.371381512926975
300000	-8184.192934364539	271.0	-8178.14748780314	-6.045446561397975
301000	-8183.617824328847	272.0	-8178.405509291243	-5.212315037603373
302000	-8185.087297991086	273.0	-8179.675759808312	-5.4115381827742635
303000	-8185.364347388014	274.0	-8179.841995271873	-5.522352116140311
304000	-8183.274977438652	275.0	-8178.031216484422	-5.243760954230696
305000	-8183.8074348623395	276.0	-8178.094417563492	-5.713017298846839
306000	-8187.452072052099	277.0	-8181.919315100688	-5.5327569514099775
307000	-8187.777652614634	278.0	-8182.794416395311	-4.983236219323302
308000	-8185.418072346598	279.0	-8179.6478799683655	-5.770192378232398
309000	-8189.039419659473	279.0	-8180.576146047544	-8.463273611928958
310000	-8185.154332522761	280.0	-8178.640780114326	-6.513552408435515
311000	-8184.212669559985	281.0	-8178.507277444781	-5.705392115204582
312000	-8188.462873132242	282.0	-8181.243775280912	-7.219097851330087
313000	-8185.556658584092	283.0	-8180.1703119063495	-5.386346677742036
314000	-8183.465072962443	284.0	-8178.027474597745	-5.437598364697987
315000	-8184.081359805702	285.0	-8178.281021607777	-5.800338197924727
316000	-8186.604950612719	286.0	-8180.080882353156	-6.524068259563427
317000	-8184.06976867338	287.0	-8177.849201326102	-6.220567347278312
318000	-8185.828019285691	288.0	-8178.117308608673	-7.710710677018012
319000	-8184.770584653864	288.0	-8179.186155915909	-5.584428737955346
320000	-8184.112639542723	289.0	-8178.511272726138	-5.601366816585594
321000	-8183.2234079693635	290.0	-8177.90914019094	-5.3142677784235435
322000	-8187.896548824873	291.0	-8180.735454938368	-7.1610938865048315
323000	-8184.902783699463	292.0	-8179.589372508824	-5.313411190638102
324000	-8186.473140424639	293.0	-8179.1075715551715	-7.365568869467026
325000	-8190.93266549188	294.0	-8185.793422182598	-5.139243309281312
326000	-8184.965858916071	295.0	-8179.140929656509	-5.824929259561943
327000	-8188.033486901028	296.0	-8182.783324206756	-5.250162694271008
328000	-8185.175470279967	297.0	-8179.605029977708	-5.570440302258939
329000	-8186.674857097578	297.0	-8181.008640483116	-5.666216614461468
330000	-8193.130370176808	298.0	-8183.188434652634	-9.941935524175037
331000	-8184.480429940352	299.0	-8178.905742488417	-5.574687451935219
332000	-8186.734440696078	300.0	-8181.0307646371875	-5.703676058891166
333000	-8185.792257029472	301.0	-8179.241738856316	-6.550518173156156
334000	-8182.611753424572	302.0	-8176.989792822718	-5.621960601853926
335000	-8183.7789090848255	303.0	-8178.178400806142	-5.600508278683487
336000	-8184.486594947545	304.0	-8179.258657810567	-5.227937136978687
337000	-8185.4525648648205	305.0	-8179.629822661374	-5.822742203446222
338000	-8188.5032962790665	306.0	-8181.589766388696	-6.913529890370437
339000	-8183.00675698755	306.0	-8177.297185903228	-5.709571084322395
340000	-8184.584488972841	307.0	-8177.765057528124	-6.819431444717058
341000	-8187.029297804021	308.0	-8181.3021047577595	-5.727193046261493
342000	-8184.380660348015	309.0	-8178.721819949398	-5.658840398617473
343000	-8188.416502995565	310.0	-8182.813951418483	-5.602551577082012
344000	-8193.94746925434	311.0	-8186.631446835352	-7.31602241898864
345000	-8188.885476656949	312.0	-8181.809324008774	-7.076152648175524
346000	-8185.099630692966	313.0	-8179.512722760102	-5.586907932863033
347000	-8183.868881348793	314.0	-8178.378116346071	-5.490765002722583
348000	-8188.739499508351	315.0	-8183.244560645078	-5.494938863272911
349000	-8187.889553598863	315.0	-8182.280386366237	-5.6091672326269855
350000	-8188.090840128395	316.0	-8181.566982888413	-6.523857239981892
351000	-8185.48841061606	317.0	-8180.008467749799	-5.479942866260805
352000	-8184.751170128752	318.0	-8178.322809574691	-6.42836055406122
353000	-8186.861049766532	319.0	-8181.279636078283	-5.581413688249302
354000	-8183.973308196942	320.0	-8178.350283732426	-5.623024464516181
355000	-8185.114627943826	321.0	-8179.674374551965	-5.440253391861063
356000	-8187.169961086608	322.0	-8180.937453997266	-6.232507089342171
357000	-8184.5188629237455	323.0	-8178.979457811088	-5.5394051126573185
358000	-8185.401820760967	324.0	-8179.736575943643	-5.66524481732359
359000	-8187.828302544615	324.0	-8180.577829466675	-7.250473077940055
360000	-8188.9113210413225	325.0	-8180.336066321211	-8.57525472011198
361000	-8184.298461852163	326.0	-8178.357145086101	-5.941316766062231
362000	-8186.659334058121	327.0	-8178.726939229752	-7.932394828369098
363000	-8186.51429600885	328.0	-8179.896979608477	-6.617316400373153
364000	-8186.888486364706	329.0	-8180.70683415968	-6.181652205026314
365000	-8188.943852121149	330.0	-8182.178004168562	-6.765847952586176
366000	-8183.906653551079	331.0	-8178.650398212301	-5.256255338777546
367000	-8185.496398445642	332.0	-8179.225990504264	-6.27040794137811
368000	-8184.942714025509	333.0	-8179.18450389752	-5.758210127989427
369000	-8186.839006356512	333.0	-8181.327317510949	-5.51168884556285
370000	-8187.857153942208	334.0	-8180.7471629829115	-7.109990959296635
371000	-8185.276375027143	335.0	-8178.982226319826	-6.294148707317511
372000	-8185.8784689822405	336.0	-8180.517858355513	-5.360610626727274
373000	-8188.762684608192	337.0	-8180.022964274126	-8.739720334066446
374000	-8183.903256346413	338.0	-8178.31751446203	-5.585741884383334
375000	-8185.8383570755705	339.0	-8180.109335410527	-5.729021665043533
376000	-8186.593445682182	340.0	-8180.573716695909	-6.0197289862735435
377000	-8185.569995451726	341.0	-8179.6928036955505	-5.8771917561752325
378000	-8185.034188730205	342.0	-8179.694539338586	-5.3396493916187975
379000	-8189.318875236608	342.0	-8183.49007903262	-5.828796203987936
380000	-8187.158247204743	343.0	-8177.179139008028	-9.979108196714947
381000	-8184.2468609075	344.0	-8178.807944307192	-5.438916600308452
382000	-8185.603015929526	345.0	-8180.262604501339	-5.3404114281866
383000	-8187.430964262538	346.0	-8181.875883491223	-5.55508077131427
384000	-8185.0711098846705	347.0	-8179.269445919758	-5.801663964912209
385000	-8183.538312283515	348.0	-8177.546946669633	-5.991365613881774
386000	-8182.695681207425	349.0	-8177.2480305444315	-5.447650662993625
387000	-8185.724768404951	350.0	-8180.331419826778	-5.393348578172832
388000	-8188.269685092909	351.0	-8182.453524992846	-5.816160100062831
389000	-8187.43687336337	351.0	-8181.653718163845	-5.783155199525206
390000	-8183.210721119965	352.0	-8177.680332532672	-5.530388587292956
391000	-8187.778999575304	353.0	-8182.330868794618	-5.448130780685847
392000	-8183.9251331895375	354.0	-8178.288883604799	-5.636249584739238
393000	-8186.006828473647	355.0	-8180.143986051154	-5.8628424224938644
394000	-8186.32682285138	356.0	-8178.038898550152	-8.287924301227138
395000	-8185.059259785951	357.0	-8179.56364149893	-5.49561828702083
396000	-8187.294140220076	358.0	-8181.708710172176	-5.585430047899133
397000	-8184.08695166832	359.0	-8178.866981336378	-5.219970331942244
398000	-8186.688445530245	360.0	-8180.869582822905	-5.818862707340619
399000	-8186.517965256706	360.0	-8180.679612273321	-5.838352983384336
400000	-8185.273328252915	361.0	-8178.045787488335	-7.227540764579784
401000	-8183.601397011234	362.0	-8178.208808177212	-5.392588834022544
402000	-8188.749765008114	363.0	-8183.285424099884	-5.4643409082299765
403000	-8187.366172126848	364.0	-8181.650578619672	-5.715593507176254
404000	-8183.2179769113445	365.0	-8177.753900770259	-5.464076141085746
405000	-8187.434586915141	366.0	-8181.744455893623	-5.6901310215183445
406000	-8190.567557701005	367.0	-8182.336092093687	-8.231465607318261
407000	-8186.688349164382	368.0	-8180.939719984719	-5.748629179663103
408000	-8185.03630568509	369.0	-8179.553342385559	-5.4829632995315105
409000	-8187.205898142592	369.0	-8181.680935693026	-5.524962449565534
410000	-8185.7903551916015	370.0	-8178.241894927172	-7.548460264429381
411000	-8184.521934620841	371.0	-8178.9566943792415	-5.565240241600091
412000	-8190.113946219788	372.0	-8177.0160612494365	-13.097884970351926
413000	-8183.181306578902	373.0	-8177.789081289039	-5.392225289862761
414000	-8183.669837628614	374.0	-8177.976655620983	-5.6931820076302175
415000	-8190.459407911367	375.0	-8184.135781927994	-6.323625983373315
416000	-8183.681376281045	376.0	-8178.141312289797	-5.5400639912488705
417000	-8183.937437538649	377.0	-8178.512458318698	-5.4249792199505995
418000	-8189.935425995583	378.0	-8184.011143689381	-5.924282306201649
419000	-8183.214935514457	378.0	-8177.80865704222	-5.406278472236649
420000	-8193.806157376182	379.0	-8179.339692946503	-14.466464429679245
421000	-8184.654119545171	380.0	-8179.032779572974	-5.621339972197317
422000	-8188.406443004867	381.0	-8181.716501466139	-6.689941538728011
423000	-8183.88326799518	382.0	-8178.367328465424	-5.5159395297560145
424000	-8184.227874004326	383.0	-8178.930795789172	-5.297078215152908
425000	-8185.153179856005	384.0	-8179.454542574126	-5.698637281878794
426000	-8184.547983219017	385.0	-8178.830622862955	-5.717360356061212
427000	-8189.595318701379	386.0	-8183.423867570764	-6.17145113061566
428000	-8191.296165081323	387.0	-8182.343889578248	-8.952275503074436
429000	-8185.087359444135	387.0	-8178.8475553703465	-6.239804073787887
430000	-8183.973365342201	388.0	-8177.942450262066	-6.030915080135054
431000	-8186.135705029423	389.0	-8179.336843994203	-6.798861035219787
432000	-8185.813404477868	390.0	-8179.817993873424	-5.995410604444687
433000	-8190.797144963417	391.0	-8185.540867406202	-5.256277557215239
434000	-8184.61715879958	392.0	-8178.885906478548	-5.7312523210313415
435000	-8186.634447196089	393.0	-8179.890882533714	-6.743564662375557
436000	-8183.9431531051405	394.0	-8178.369610165014	-5.5735429401263605
437000	-8184.103513531686	395.0	-8178.615335345546	-5.488178186140024
438000	-8185.840523775153	396.0	-8179.69621459173	-6.144309183423868
439000	-8186.707150278022	396.0	-8180.345011271591	-6.362139006430679
440000	-8189.03533332979	397.0	-8183.337479802089	-5.69785352770149
441000	-8185.3275270633185	398.0	-8179.923468216412	-5.404058846905695
442000	-8183.498065509426	399.0	-8178.3196308735105	-5.178434635915619
443000	-8187.69193976112	400.0	-8182.052762224219	-5.639177536901171
444000	-8187.670240150006	401.0	-8181.883156428003	-5.787083722003848
445000	-8184.756761623107	402.0	-8177.883858172172	-6.872903450935029
446000	-8184.319646381844	403.0	-8179.070193947033	-5.2494524348116
447000	-8183.125845330078	404.0	-8177.258868991332	-5.866976338746303
448000	-8184.706080250046	405.0	-8178.3672245972875	-6.33885565275862
449000	-8185.414083517706	405.0	-8179.931987164527	-5.482096353179216
450000	-8187.880019349325	406.0	-8182.507041317301	-5.372978032024362
451000	-8185.76194803549	407.0	-8179.462675215526	-6.299272819962903
452000	-8191.56738252838	408.0	-8185.814127174199	-5.753255354181279
453000	-8185.495121542654	409.0	-8180.21322341331	-5.281898129343777
454000	-8184.817066332185	410.0	-8178.936766275714	-5.880300056471018
455000	-8187.831461506505	411.0	-8180.9862179683	-6.845243538205489
456000	-8191.081052205141	412.0	-8180.07534571064	-11.005706494500217
457000	-8183.793771983416	413.0	-8178.188430430191	-5.605341553224836
458000	-8186.822205300802	414.0	-8181.388623711301	-5.4335815895010295
459000	-8189.2335096548795	414.0	-8183.411150008273	-5.82235964660649
460000	-8184.9297336838345	415.0	-8179.33451524959	-5.59521843424415
461000	-8185.626941507142	416.0	-8180.202611101132	-5.424330406009831
462000	-8185.45525925486	417.0	-8179.8356011877795	-5.6196580670805485
463000	-8184.235612545638	418.0	-8178.659108516823	-5.576504028815208
464000	-8189.173544279186	419.0	-8183.792253331605	-5.381290947580672
465000	-8185.70420216427	420.0	-8180.423483428955	-5.280718735315427
466000	-8186.869667457742	421.0	-8180.284809729567	-6.584857728174778
467000	-8185.47946669356	422.0	-8179.911674581697	-5.5677921118627225
468000	-8186.907459196216	423.0	-8181.483298009847	-5.424161186369282
469000	-8184.431798050071	423.0	-8178.87035503629	-5.561443013781469
470000	-8183.327781430358	424.0	-8177.719503398891	-5.6082780314677
471000	-8183.712396595752	425.0	-8178.35635288487	-5.356043710881785
472000	-8184.294072344456	426.0	-8178.775383676411	-5.518688668045159
473000	-8183.6059447776925	427.0	-8178.090248002312	-5.515696775380269
474000	-8184.192522949828	428.0	-8178.109125474712	-6.083397475117084
475000	-8183.514965038437	429.0	-8177.988736592411	-5.526228446025904
476000	-8184.738695460125	430.0	-8179.210720696533	-5.527974763591924
477000	-8184.30746017402	431.0	-8179.110606661563	-5.196853512457408
478000	-8184.436554791362	432.0	-8177.492875152213	-6.9436796391494005
479000	-8185.968316144021	432.0	-8180.389313173609	-5.579002970412078
480000	-8183.566977847149	433.0	-8178.035608343846	-5.5313695033024715
481000	-8184.516277776793	434.0	-8179.104967981278	-5.41130979551517
482000	-8184.126164200679	435.0	-8178.49473142968	-5.631432770999417
483000	-8184.1071519258285	436.0	-8178.731931521015	-5.375220404813285
484000	-8182.505490352195	437.0	-8177.060923283735	-5.44456706846003
485000	-8183.6888493064625	438.0	-8178.343860347127	-5.3449889593356055
486000	-8187.385820637975	439.0	-8181.696343983234	-5.689476654740144
487000	-8184.468962585037	440.0	-8177.978943438107	-6.490019146929923
488000	-8185.196813607222	441.0	-8179.659478410271	-5.5373351969511635
489000	-8186.77178026633	441.0	-8180.030004354402	-6.741775911927581
490000	-8184.0853378651545	442.0	-8178.133489689937	-5.951848175217844
491000	-8185.8713159925765	443.0	-8178.974098405282	-6.897217587294543
492000	-8184.720747291265	444.0	-8179.427630642527	-5.2931166487377475
493000	-8185.591152446967	445.0	-8180.13744192838	-5.453710518586016
494000	-8183.599441699781	446.0	-8178.216934837106	-5.382506862675121
495000	-8186.058746900074	447.0	-8180.392639235856	-5.6661076642173125
496000	-8184.397721401154	448.0	-8177.858966054531	-6.538755346622148
497000	-8187.651040912792	449.0	-8182.6540109961525	-4.997029916639891
498000	-8188.03311963799	450.0	-8180.867335700864	-7.165783937126594
499000	-8185.78393386319	450.0	-8179.225297550788	-6.558636312402109
500000	-8184.449939546458	451.0	-8178.859419652812	-5.5905198936464116
501000	-8186.401643400675	452.0	-8180.104288924876	-6.297354475799942
502000	-8186.307816427742	453.0	-8178.944300854047	-7.3635155736954365
503000	-8184.58807413569	454.0	-8179.134162738819	-5.453911396870026
504000	-8184.632194480942	455.0	-8177.7447107939515	-6.887483686990657
505000	-8187.976967076374	456.0	-8181.888729213994	-6.088237862380462
506000	-8183.772318372417	457.0	-8178.258771745639	-5.513546626778169
507000	-8183.450144483016	458.0	-8178.090300499392	-5.359843983624235
508000	-8187.779228542007	459.0	-8182.119570201292	-5.659658340715072
509000	-8186.679589116133	459.0	-8180.8002544441915	-5.879334671940926
510000	-8185.6746381560215	460.0	-8179.948247245332	-5.726390910689968
511000	-8183.137641328554	461.0	-8177.701747004272	-5.4358943242819375
512000	-8185.62938858123	462.0	-8179.834173858602	-5.795214722628305
513000	-8185.134471890411	463.0	-8179.332424150664	-5.802047739746457
514000	-8186.430716724189	464.0	-8180.647248940576	-5.783467783612197
515000	-8183.772970957457	465.0	-8178.259382763388	-5.51358819406893
516000	-8186.419984857869	466.0	-8180.525796158482	-5.894188699386675
517000	-8183.85353810678	467.0	-8178.13611627886	-5.717421827920764
518000	-8183.19513849451	468.0	-8177.743003328269	-5.452135166240473
519000	-8186.473761721874	468.0	-8179.083628886457	-7.3901328354180364
520000	-8184.051390597154	469.0	-8178.55813409861	-5.493256498543863
521000	-8185.402807250197	470.0	-8179.66893246007	-5.73387479012697
522000	-8185.925099777205	471.0	-8180.37126553069	-5.5538342465153825
523000	-8183.050637510841	472.0	-8177.370870345182	-5.679767165658501
524000	-8184.1771620644495	473.0	-8178.559850005746	-5.617312058703828
525000	-8188.524569774111	474.0	-8182.619548478719	-5.905021295392165
526000	-8184.43698231652	475.0	-8178.814124940905	-5.622857375615416
527000	-8186.48829866753	476.0	-8180.674763685286	-5.813534982244091
528000	-8186.7852205450135	477.0	-8181.421182955986	-5.364037589026908
529000	-8187.075325805366	477.0	-8181.1430012421815	-5.932324563184768
530000	-8185.311670420243	478.0	-8178.544327415438	-6.767343004805063
531000	-8185.382111227453	479.0	-8180.10295892892	-5.279152298532478
532000	-8185.924900906518	480.0	-8180.730652456191	-5.194248450326779
533000	-8184.648038494806	481.0	-8178.562291830676	-6.085746664129771
534000	-8185.922616265747	482.0	-8180.572323986055	-5.350292279691164
535000	-8184.917400773373	483.0	-8178.940432247838	-5.976968525535517
536000	-8183.877936491345	484.0	-8178.087530299102	-5.79040619224393
537000	-8184.0240513708195	485.0	-8177.877110148005	-6.146941222814005
538000	-8185.157304248386	486.0	-8177.027098671101	-8.130205577284803
539000	-8185.378364972476	486.0	-8178.453696360637	-6.924668611839257
540000	-8183.908421036744	487.0	-8178.117307986869	-5.791113049875289
541000	-8186.664843945619	488.0	-8180.355167554013	-6.3096763916067555
542000	-8184.366058587093	489.0	-8178.540272106534	-5.825786480558747
543000	-8184.334421221193	490.0	-8178.904670106107	-5.429751115086238
544000	-8186.622130962547	491.0	-8181.097964070562	-5.5241668919848195
545000	-8183.51882175274	492.0	-8177.812577025463	-5.7062447272771974
546000	-8185.819706331262	493.0	-8179.356841233903	-6.462865097358893
547000	-8184.191248633164	494.0	-8177.447533195852	-6.743715437312352
548000	-8187.340103827444	495.0	-8180.927009606925	-6.413094220519661
549000	-8188.043058520869	495.0	-8181.195859399181	-6.847199121687879
550000	-8185.832964531723	496.0	-8180.436617091962	-5.396347439760932
551000	-8185.893172851306	497.0	-8180.060991205596	-5.832181645710274
552000	-8185.022627955629	498.0	-8179.782917931637	-5.239710023992182
553000	-8184.644516497262	499.0	-8179.186448350565	-5.458068146697123
554000	-8182.80908557094	500.0	-8177.369029621558	-5.440055949381662
555000	-8188.342458257186	501.0	-8179.646910877431	-8.695547379754945
556000	-8185.0846398253925	502.0	-8179.521988266234	-5.5626515591581045
557000	-8187.563440156925	503.0	-8181.913327656306	-5.650112500618481
558000	-8187.263771990472	504.0	-8181.345474265519	-5.9182977249531215
559000	-8184.514558253277	504.0	-8178.157650491061	-6.3569077622162915
560000	-8185.2398919648485	505.0	-8179.881854773119	-5.358037191729979
561000	-8185.513156495118	506.0	-8179.982860579851	-5.530295915267253
562000	-8187.788881112678	507.0	-8182.700522074885	-5.088359037792161
563000	-8186.070912499938	508.0	-8179.9179141049835	-6.152998394954295
564000	-8184.367488421955	509.0	-8178.56012102164	-5.80736740031501
565000	-8185.699597408963	510.0	-8180.1047430588205	-5.594854350142805
566000	-8183.860636144827	511.0	-8178.534961445735	-5.32567469909289
567000	-8187.946273884109	512.0	-8182.685879168911	-5.260394715198673
568000	-8184.0962294599885	513.0	-8178.3921441631055	-5.704085296883175
569000	-8185.571392740619	513.0	-8180.0318610061795	-5.539531734439327
570000	-8185.949342920994	514.0	-8179.452743628362	-6.496599292632065
571000	-8187.3283489824535	515.0	-8179.624284502947	-7.704064479505728
572000	-8187.022833527405	516.0	-8181.573719426291	-5.449114101113649
573000	-8184.975184476399	517.0	-8179.5609528420155	-5.414231634383267
574000	-8182.780224871076	518.0	-8177.381178923546	-5.39904594753026
575000	-8184.825496191336	519.0	-8177.906692497524	-6.918803693812008
576000	-8187.276978322368	520.0	-8181.903436282953	-5.373542039415334
577000	-8184.016323514099	521.0	-8178.589238984359	-5.427084529739525
578000	-8188.360683110296	522.0	-8182.206872098346	-6.153811011950118
579000	-8184.929880853456	522.0	-8179.318723353883	-5.611157499572718
580000	-8186.48434488197	523.0	-8180.8367437456645	-5.64760113630551
581000	-8183.674521809954	524.0	-8178.304743142339	-5.369778667614801
582000	-8182.510544603461	525.0	-8177.044407558581	-5.466137044879819
583000	-8186.1936361566	526.0	-8180.689888532276	-5.5037476243240615
584000	-8185.369546369928	527.0	-8178.950222527842	-6.41932384208558
585000	-8186.9259497183875	528.0	-8181.273194806894	-5.652754911493076
586000	-8190.258136991073	529.0	-8182.956990072572	-7.301146918501274
587000	-8184.836717559167	530.0	-8178.516245949086	-6.320471610080531
588000	-8186.983180658673	531.0	-8181.491198224458	-5.491982434214979
589000	-8187.482395379559	531.0	-8181.13928244447	-6.343112935088909
590000	-8189.055326067857	532.0	-8183.775082578121	-5.28024348973552
591000	-8184.394162540603	533.0	-8178.788164451763	-5.605998088840362
592000	-8186.019457801094	534.0	-8180.611456382127	-5.408001418967287
593000	-8186.16979207699	535.0	-8180.465126207008	-5.704665869982016
594000	-8183.712837025882	536.0	-8178.081223823145	-5.631613202737304
595000	-8185.399498807632	537.0	-8180.02743676574	-5.372062041892035
596000	-8183.990170197784	538.0	-8178.508495673381	-5.481674524403237
597000	-8186.44833431363	539.0	-8180.264985285051	-6.183349028578956
598000	-8184.233782897127	540.0	-8178.683255547191	-5.550527349935553
599000	-8185.343066506025	540.0	-8178.939524729977	-6.403541776047684
600000	-8183.093292843226	541.0	-8177.541705340217	-5.551587503008558
601000	-8184.127909298959	542.0	-8178.4900253979595	-5.637883900999197
602000	-8185.76166279857	543.0	-8180.624470695429	-5.137192103140696
603000	-8185.925561453572	544.0	-8178.413888906696	-7.511672546876464
604000	-8183.334845836818	545.0	-8177.455246439313	-5.879599397505797
605000	-8186.7129072118805	546.0	-8179.586235467068	-7.126671744812311
606000	-8185.24750766491	547.0	-8179.0834233520245	-6.164084312885166
607000	-8183.91741898136	548.0	-8178.54778552229	-5.369633459070535
608000	-8183.976336923054	549.0	-8178.308012450998	-5.668324472055835
609000	-8187.870018149045	549.0	-8182.129037468305	-5.740980680740089
610000	-8184.809695174236	550.0	-8179.638818020145	-5.170877154091711
611000	-8184.217146428861	551.0	-8178.721671542784	-5.495474886077613
612000	-8183.322761403642	552.0	-8177.8504630916495	-5.472298311993126
613000	-8186.653031624721	553.0	-8179.955329569116	-6.697702055605248
614000	-8184.645881860285	554.0	-8178.799422651559	-5.846459208725433
615000	-8183.829384078174	555.0	-8177.979425441538	-5.849958636636014
616000	-8186.28780755567	556.0	-8180.797786823192	-5.490020732478456
617000	-8182.977746121192	557.0	-8177.321228267259	-5.65651785393203
618000	-8183.053346592739	558.0	-8177.460669016546	-5.5926775761938465
619000	-8184.828716163047	558.0	-8179.258157917117	-5.570558245929888
620000	-8186.851753650302	559.0	-8180.751174288289	-6.100579362013521
621000	-8186.297105933498	560.0	-8180.9946158277035	-5.302490105794705
622000	-8185.626162708688	561.0	-8179.532997962431	-6.093164746256584
623000	-8185.4813446523585	562.0	-8179.253344273782	-6.228000378576171
624000	-8186.967410587106	563.0	-8181.700855003571	-5.26655558353557
625000	-8184.520827946268	564.0	-8179.086122115491	-5.434705830776643
626000	-8184.676742455504	565.0	-8179.124751665619	-5.551990789884531
627000	-8182.80049046138	566.0	-8177.326456743968	-5.474033717411792
628000	-8187.021861321002	567.0	-8179.430115822643	-7.591745498358987
629000	-8182.614787068885	567.0	-8177.300117893868	-5.314669175016531
630000	-8185.421175068691	568.0	-8179.706814009824	-5.714361058867321
631000	-8185.021656743669	569.0	-8178.86432093067	-6.157335812998838
632000	-8187.697350223468	570.0	-8181.926496676198	-5.770853547269193
633000	-8186.208981447391	571.0	-8180.207615345606	-6.001366101785095
634000	-8186.238034185365	572.0	-8180.929352838034	-5.308681347331114
635000	-8185.500035758053	573.0	-8180.07483651061	-5.425199247442961
636000	-8184.549323406528	574.0	-8179.356554629988	-5.192768776540426
637000	-8186.731578054778	575.0	-8180.563201180115	-6.16837687466214
638000	-8188.0203918312345	576.0	-8182.723456232459	-5.296935598775181
639000	-8188.744533472458	576.0	-8182.927182363444	-5.817351109013926
640000	-8188.445346887849	577.0	-8181.081079497383	-7.364267390466294
641000	-8185.026332887649	578.0	-8178.597077635958	-6.429255251690664
642000	-8185.276279443243	579.0	-8179.669000619153	-5.607278824090188
643000	-8185.269568382714	580.0	-8179.7453244428225	-5.524243939891226
644000	-8187.622142482543	581.0	-8179.813703909586	-7.808438572955899
645000	-8184.26746359318	582.0	-8178.612983531509	-5.654480061671176
646000	-8189.33870753347	583.0	-8184.223563680945	-5.115143852525453
647000	-8183.763525487308	584.0	-8177.935181258467	-5.828344228840679
648000	-8184.2278339028335	585.0	-8178.799278489709	-5.428555413124458
649000	-8184.108176580083	585.0	-8178.844375121609	-5.263801458473984
650000	-8186.879342885147	586.0	-8181.207398617832	-5.671944267314447
651000	-8187.618905578422	587.0	-8181.917572732472	-5.701332845949965
652000	-8183.880529325797	588.0	-8178.55193433671	-5.328594989087501
653000	-8186.739732285824	589.0	-8181.255476325588	-5.484255960236387
654000	-8185.756687671427	590.0	-8180.470575128553	-5.2861125428748075
655000	-8186.168173928098	591.0	-8180.881328568314	-5.286845359784476
656000	-8183.971257530708	592.0	-8178.199331003548	-5.771926527159847
657000	-8185.442291058415	593.0	-8180.204470593323	-5.237820465092526
658000	-8186.717446897416	594.0	-8181.140921614462	-5.576525282954631
659000	-8184.8907503065575	594.0	-8178.595317839137	-6.295432467419804
660000	-8186.828031813725	595.0	-8178.864331233922	-7.963700579803313
661000	-8186.1271967658395	596.0	-8180.4033904187145	-5.723806347125185
662000	-8182.957675750647	597.0	-8177.306748018516	-5.650927732130467
663000	-8183.404693125826	598.0	-8177.980615050622	-5.424078075204332
664000	-8184.8041008650935	599.0	-8179.432197247846	-5.3719036172476144
665000	-8185.797364295856	600.0	-8180.282562587371	-5.51480170848518
666000	-8184.066357656601	601.0	-8178.685261825305	-5.381095831295731
667000	-8190.253462439366	602.0	-8185.033772021316	-5.219690418050262
668000	-8185.937559969532	603.0	-8180.312565159818	-5.6249948097140905
669000	-8185.71616574889	603.0	-8179.819432293977	-5.896733454912574
670000	-8184.614296026268	604.0	-8179.03096485313	-5.583331173137486
671000	-8187.123874800681	605.0	-8181.25894247765	-5.864932323031158
672000	-8183.893376867324	606.0	-8178.063793497737	-5.82958336958716
673000	-8184.446752992654	607.0	-8178.868527844345	-5.578225148309205
674000	-8189.674674171535	608.0	-8183.650664887223	-6.024009284312322
675000	-8184.19975998845	609.0	-8178.365132150426	-5.834627838024283
676000	-8185.297714452581	610.0	-8179.196851326892	-6.10086312568938
677000	-8186.4524864074565	611.0	-8180.847716322344	-5.6047700851124524
678000	-8185.13886214519	612.0	-8178.736041972774	-6.402820172416067
679000	-8185.113431005601	612.0	-8179.36756215719	-5.745868848410853
680000	-8183.901544486934	613.0	-8177.793828719577	-6.107715767356797
681000	-8186.186614120966	614.0	-8177.932335145583	-8.25427897538244
682000	-8183.943571406776	615.0	-8177.786113724189	-6.157457682587168
683000	-8186.97017660755	616.0	-8179.7282910935255	-7.24188551402432
684000	-8185.19252495794	617.0	-8179.64267306546	-5.549851892479289
685000	-8187.164785284942	618.0	-8179.989787376181	-7.1749979087605285
686000	-8185.795697059672	619.0	-8178.841792544843	-6.953904514829402
687000	-8185.84537708125	620.0	-8179.011990441837	-6.83338663941362
688000	-8184.036280950749	621.0	-8178.455609559797	-5.580671390951571
689000	-8188.476098608803	621.0	-8183.130951894932	-5.345146713871037
690000	-8189.288099058255	622.0	-8183.520144247429	-5.767954810826552
691000	-8183.226185723956	623.0	-8177.558878150709	-5.667307573247604
692000	-8185.128950338628	624.0	-8179.24378825052	-5.885162088108194
693000	-8186.478491785178	625.0	-8181.176210037773	-5.302281747405609
694000	-8184.08587251358	626.0	-8178.009529648486	-6.076342865094357
695000	-8184.679963288659	627.0	-8178.760583523149	-5.919379765509694
696000	-8190.986916794349	628.0	-8185.596999928584	-5.389916865764548
697000	-8189.606056720132	629.0	-8184.507596065625	-5.098460654507275
698000	-8184.328625549024	630.0	-8178.593162760041	-5.735462788982952
699000	-8184.81323373797	630.0	-8179.4092826258575	-5.403951112112803
700000	-8185.192425131293	631.0	-8178.989104573469	-6.203320557823833
701000	-8184.367091273578	632.0	-8179.188423115352	-5.178668158226101
702000	-8186.724206790694	633.0	-8181.064884397948	-5.659322392745466
703000	-8183.52273732155	634.0	-8178.196565003476	-5.326172318074352
704000	-8183.673583060435	635.0	-8178.21434004269	-5.459243017744898
705000	-8184.065759895947	636.0	-8178.761661625323	-5.304098270624102
706000	-8184.959736080001	637.0	-8178.970938661236	-5.98879741876493
707000	-8185.587165898136	638.0	-8179.875822286267	-5.71134361186858
708000	-8187.307529329621	639.0	-8181.364001754727	-5.94352757489391
709000	-8184.825598072205	639.0	-8179.26784119009	-5.557756882115496
710000	-8184.6711075901785	640.0	-8179.229509096302	-5.441598493876957
711000	-8185.18425056212	641.0	-8178.015102942347	-7.169147619773076
712000	-8184.73749809375	642.0	-8178.811073989733	-5.926424104016908
713000	-8184.312552967391	643.0	-8177.921411383724	-6.391141583666224
714000	-8186.003270689845	644.0	-8180.665760421367	-5.33751026847767
715000	-8183.8741426182105	645.0	-8178.486319721322	-5.387822896888654
716000	-8188.927426211447	646.0	-8183.365265788488	-5.562160422959092
717000	-8186.750242407129	647.0	-8180.4773173375825	-6.2729250695466305
718000	-8183.950881241726	648.0	-8178.521347494653	-5.429533747072883
719000	-8184.845146001482	648.0	-8179.352949618324	-5.492196383158704
720000	-8190.979419120145	649.0	-8184.250571356927	-6.728847763218507
721000	-8188.086701898436	650.0	-8182.509078818015	-5.5776230804211195
722000	-8185.978321370593	651.0	-8179.036029716797	-6.942291653795983
723000	-8185.28665473042	652.0	-8179.325381506986	-5.961273223434924
724000	-8184.417703584074	653.0	-8179.000756919711	-5.416946664362623
725000	-8188.252808263508	654.0	-8182.449721619447	-5.803086644060974
726000	-8182.46804653855	655.0	-8176.741132893782	-5.726913644767716
727000	-8188.6124331190695	656.0	-8183.170674029415	-5.441759089654823
728000	-8184.860264176674	657.0	-8178.628615563275	-6.231648613398942
729000	-8185.85191900318	657.0	-8180.317048042356	-5.534870960824204
730000	-8185.00960509776	658.0	-8178.698544840814	-6.31106025694591
731000	-8184.931281190337	659.0	-8179.728510469731	-5.202770720606125
732000	-8186.849173535371	660.0	-8181.319997069977	-5.529176465393892
733000	-8185.793549579255	661.0	-8179.264949932529	-6.528599646726684
734000	-8185.441531554678	662.0	-8179.443491150889	-5.998040403788698
735000	-8184.221189314057	663.0	-8178.540679060285	-5.68051025377164
736000	-8184.591067845488	664.0	-8178.829627020209	-5.7614408252795
737000	-8183.970702313615	665.0	-8178.6240343895115	-5.346667924103915
738000	-8187.30834527518	666.0	-8180.211933210232	-7.096412064947625
739000	-8185.165127853159	666.0	-8179.568241257785	-5.596886595373316
740000	-8188.03659016228	667.0	-8182.5063691753	-5.53022098698006
741000	-8185.51941902465	668.0	-8180.015084081322	-5.504334943328386
742000	-8184.577181558262	669.0	-8179.120145173131	-5.457036385130864
743000	-8185.860042925056	670.0	-8179.633379871772	-6.226663053284399
744000	-8186.600255024577	671.0	-8178.405156874017	-8.195098150559511
745000	-8184.20710876016	672.0	-8177.169343500869	-7.037765259290845
746000	-8187.9589051304565	673.0	-8182.384595774759	-5.574309355697253
747000	-8188.0310932291995	674.0	-8180.816404730366	-7.2146884988331
748000	-8185.329197841636	675.0	-8177.938343390256	-7.39085445138094
749000	-8185.081169592942	675.0	-8179.726006971073	-5.355162621869712
750000	-8188.056643511151	676.0	-8179.904113775285	-8.152529735866585
751000	-8186.246543340619	677.0	-8178.208023624911	-8.038519715707316
752000	-8185.076625471481	678.0	-8179.674131944146	-5.40249352733424
753000	-8184.8988924077175	679.0	-8179.365653699655	-5.533238708062244
754000	-8189.366777149802	680.0	-8183.414424725357	-5.952352424444758
755000	-8182.902062091929	681.0	-8177.185703869786	-5.716358222142441
756000	-8185.410055220858	682.0	-8178.570718893618	-6.8393363272405345
757000	-8186.150920863128	683.0	-8180.1174900831575	-6.033430779969935
758000	-8185.588456753695	684.0	-8179.606303169178	-5.982153584516528
759000	-8191.993988207509	684.0	-8186.432255577995	-5.561732629512996
760000	-8187.555916077024	685.0	-8181.432901754553	-6.123014322471206
761000	-8186.862012691795	686.0	-8180.877044062854	-5.9849686289410595
762000	-8184.046693813424	687.0	-8178.210135294861	-5.836558518562514
763000	-8184.258162856341	688.0	-8178.68274048379	-5.5754223725507135
764000	-8188.977189495119	689.0	-8183.39346291528	-5.583726579839038
765000	-8183.766427296069	690.0	-8178.259256414472	-5.507170881597315
766000	-8186.928482222978	691.0	-8181.773081387073	-5.15540083590529
767000	-8184.3381980233735	692.0	-8178.718854888011	-5.619343135361904
768000	-8185.000096062396	693.0	-8179.397306707409	-5.602789354986447
769000	-8189.931219484448	693.0	-8183.162211236671	-6.769008247776749
770000	-8188.009826093561	694.0	-8181.686156140608	-6.323669952953106
771000	-8185.589411851907	695.0	-8179.072388123153	-6.5170237287534825
772000	-8188.794649006762	696.0	-8181.084353777587	-7.710295229174218
773000	-8185.5790368017815	697.0	-8179.581316296955	-5.997720504825818
774000	-8182.416143535432	698.0	-8176.945147167627	-5.470996367805129
775000	-8188.883360035157	699.0	-8183.732527365884	-5.150832669273274
776000	-8187.405753451373	700.0	-8182.256912283859	-5.1488411675143615
777000	-8183.858168964764	701.0	-8178.576217210446	-5.281951754318904
778000	-8183.241346059282	702.0	-8177.094302302	-6.147043757281995
779000	-8187.4116525098325	702.0	-8182.280880113031	-5.130772396801576
780000	-8188.113892304922	703.0	-8181.101712630621	-7.012179674301494
781000	-8184.307347356304	704.0	-8179.05425890767	-5.253088448633013
782000	-8187.975743261133	705.0	-8182.693407907886	-5.282335353247181
783000	-8187.114614695482	706.0	-8181.721794643901	-5.3928200515801645
784000	-8186.674264321455	707.0	-8181.421446807399	-5.2528175140555735
785000	-8184.176413566589	708.0	-8177.762820517881	-6.41359304870776
786000	-8184.394959715567	709.0	-8178.656391952542	-5.738567763024909
787000	-8188.435871419296	710.0	-8182.292396993557	-6.143474425738326
788000	-8182.641156779466	711.0	-8177.301967616377	-5.339189163088631
789000	-8185.556706434757	711.0	-8179.8642538240165	-5.692452610740528
790000	-8186.535147150409	712.0	-8181.0747868044955	-5.460360345913593
791000	-8187.18843757035	713.0	-8180.722519432493	-6.46591813785743
792000	-8190.822962201208	714.0	-8179.5689704731985	-11.253991728008717
793000	-8185.5554606875	715.0	-8179.506737955223	-6.048722732277587
794000	-8183.507521257682	716.0	-8177.425022208051	-6.082499049631142
795000	-8189.134192577636	717.0	-8182.495556773919	-6.638635803717081
796000	-8183.722702617304	718.0	-8177.325713624178	-6.396988993125615
797000	-8189.63897375633	719.0	-8183.232675174941	-6.406298581389953
798000	-8186.621619434558	720.0	-8181.084717554293	-5.536901880264599
799000	-8186.927519273757	720.0	-8180.930842298803	-5.9966769749533215
800000	-8189.080724252108	721.0	-8183.410814453625	-5.669909798483239
801000	-8184.679219768945	722.0	-8179.314328224846	-5.364891544098709
802000	-8184.89043118293	723.0	-8178.090906776294	-6.799524406635838
803000	-8193.455520450516	724.0	-8187.029143167633	-6.426377282883055
804000	-8185.119919520114	725.0	-8178.541888771863	-6.578030748251259
805000	-8183.501480668512	726.0	-8178.214387157094	-5.287093511417689
806000	-8188.437799672097	727.0	-8182.342791564025	-6.095008108071491
807000	-8183.200990618308	728.0	-8177.6722054828215	-5.528785135486528
808000	-8184.68875739406	729.0	-8179.234186869639	-5.45457052442125
809000	-8186.470375460331	729.0	-8180.968907593017	-5.50146786731329
810000	-8187.10781309566	730.0	-8181.618295664843	-5.489517430817521
811000	-8185.66665475323	731.0	-8179.923355971483	-5.743298781747444
812000	-8187.383914161436	732.0	-8180.214991143054	-7.168923018381916
813000	-8182.593990278669	733.0	-8177.262882481553	-5.3311077971154095
814000	-8185.862441035295	734.0	-8180.189256490102	-5.673184545192967
815000	-8182.606038740834	735.0	-8177.187511677263	-5.418527063571787
816000	-8183.9691151651905	736.0	-8178.613557949939	-5.355557215251751
817000	-8185.684414101819	737.0	-8180.040989122487	-5.643424979332046
818000	-8185.317200717141	738.0	-8179.608377278339	-5.708823438801713
819000	-8187.7661293284755	738.0	-8180.246351542607	-7.519777785868035
820000	-8187.962077223653	739.0	-8181.146598486636	-6.815478737016953
821000	-8183.20690667207	740.0	-8177.904669264387	-5.302237407682569
822000	-8186.86910165364	741.0	-8180.680918960215	-6.188182693424872
823000	-8184.658409031679	742.0	-8178.508839483389	-6.149569548289747
824000	-8185.5307296476185	743.0	-8179.703519179872	-5.827210467746122
825000	-8186.431547823819	744.0	-8179.418251846402	-7.013295977416359
826000	-8188.352732566569	745.0	-8182.616755042405	-5.735977524163829
827000	-8184.343455309541	746.0	-8178.542393888241	-5.801061421300097
828000	-8188.398198577664	747.0	-8182.584918241501	-5.813280336162283
829000	-8186.341274895913	747.0	-8180.248913796045	-6.092361099868029
830000	-8186.68100188873	748.0	-8180.440143986691	-6.240857902039758
831000	-8187.342809765088	749.0	-8181.614760687304	-5.728049077783822
832000	-8187.659993072786	750.0	-8182.214846346865	-5.445146725921713
833000	-8185.6166560114025	751.0	-8179.012444420764	-6.604211590638043
834000	-8185.8547460963255	752.0	-8180.3515786167245	-5.503167479600519
835000	-8194.994377424706	753.0	-8188.386330145692	-6.608047279013456
836000	-8187.34749133281	754.0	-8181.05652566951	-6.290965663299816
837000	-8187.966501470835	755.0	-8182.3243061550975	-5.642195315738057
838000	-8186.810398751281	756.0	-8181.37127184496	-5.4391269063215475
839000	-8184.867792019881	756.0	-8178.972874222988	-5.894917796892708
840000	-8183.480904867526	757.0	-8177.2299640277815	-6.250940839744828
841000	-8184.231261857358	758.0	-8178.117684945476	-6.113576911882202
842000	-8184.643436643641	759.0	-8179.100395858399	-5.54304078524192
843000	-8184.438380022993	760.0	-8178.683901016069	-5.754479006924544
844000	-8185.222186940966	761.0	-8179.639220551142	-5.582966389824273
845000	-8184.280893889703	762.0	-8178.610741384748	-5.67015250495556
846000	-8185.387998985548	763.0	-8179.42673114893	-5.961267836617335
847000	-8183.957954052682	764.0	-8178.716713143683	-5.241240908998914
848000	-8187.212197787672	765.0	-8181.494108172248	-5.718089615424227
849000	-8186.621659932836	765.0	-8180.69644917099	-5.92521076184713
850000	-8184.8288849155815	766.0	-8179.060846494648	-5.768038420933509
851000	-8183.634703316193	767.0	-8177.761991705805	-5.872711610387819
852000	-8183.85936947236	768.0	-8178.286276679227	-5.573092793133455
853000	-8184.551302636886	769.0	-8178.719900312092	-5.8314023247944275
854000	-8182.909072540021	770.0	-8177.092531242161	-5.816541297859882
855000	-8188.626162301556	771.0	-8181.792598773231	-6.833563528325295
856000	-8188.8804587301465	772.0	-8183.684398136856	-5.196060593290445
857000	-8185.693790035846	773.0	-8178.777246127196	-6.916543908650228
858000	-8185.276651785084	774.0	-8179.911711611792	-5.36494017329166
859000	-8183.26883333754	774.0	-8177.67430856474	-5.594524772799362
860000	-8186.799560590852	775.0	-8180.99256222067	-5.806998370182033
861000	-8184.15018096945	776.0	-8178.890002237448	-5.260178732001695
862000	-8185.259119086128	777.0	-8179.9446416112505	-5.314477474877418
863000	-8184.391491289986	778.0	-8178.232983783718	-6.158507506268702
864000	-8185.418760343734	779.0	-8179.301218971269	-6.117541372464986
865000	-8184.904000373531	780.0	-8179.435586165078	-5.4684142084524545
866000	-8184.355089519125	781.0	-8177.645726914815	-6.709362604309309
867000	-8185.5198572341405	782.0	-8180.3966379398735	-5.1232192942673125
868000	-8182.9807282885395	783.0	-8177.470391694453	-5.5103365940863265
869000	-8185.428011934568	783.0	-8178.440797957961	-6.987213976606848
870000	-8187.019535602463	784.0	-8181.635280429604	-5.384255172859331
871000	-8185.485100774446	785.0	-8180.244076995653	-5.241023778793446
872000	-8183.030683126958	786.0	-8177.264574520823	-5.76610860613493
873000	-8188.052875185859	787.0	-8180.298637500734	-7.754237685125443
874000	-8186.465689531554	788.0	-8180.5819931616425	-5.88369636991142
875000	-8188.972108853969	789.0	-8178.809629712757	-10.162479141212135
876000	-8184.322656771926	790.0	-8177.258109623309	-7.06454714861726
877000	-8185.8021481821215	791.0	-8180.469218788345	-5.332929393776866
878000	-8183.55088620897	792.0	-8177.431195692294	-6.119690516675812
879000	-8183.577115218202	792.0	-8178.112320492024	-5.4647947261786
880000	-8185.774060946512	793.0	-8179.448159749179	-6.325901197333567
881000	-8184.4424079666915	794.0	-8179.015058898142	-5.4273490685494
882000	-8188.530927893178	795.0	-8181.457044124451	-7.073883768727054
883000	-8186.471757098906	796.0	-8180.836275144051	-5.635481954854936
884000	-8187.816883758054	797.0	-8181.838899294615	-5.977984463439396
885000	-8183.368775816108	798.0	-8177.518871061977	-5.849904754130547
886000	-8185.96096377999	799.0	-8179.2747163548165	-6.6862474251738035
887000	-8182.606572316566	800.0	-8177.312286923866	-5.294285392699527
888000	-8184.042233421269	801.0	-8178.313916097369	-5.728317323900144
889000	-8183.790577530062	801.0	-8178.663289373014	-5.127288157048924
890000	-8191.315398434073	802.0	-8185.464147695717	-5.851250738356774
891000	-8183.848248392789	803.0	-8178.784564447133	-5.063683945656665
892000	-8186.095459085321	804.0	-8180.152267755619	-5.943191329702189
893000	-8188.150285965318	805.0	-8181.162709077563	-6.98757688775577
894000	-8184.269357364259	806.0	-8178.841566681828	-5.427790682430874
895000	-8185.63371317175	807.0	-8179.638288007735	-5.995425164014843
896000	-8185.01056042135	808.0	-8179.411240763634	-5.599319657716458
897000	-8185.922341500997	809.0	-8180.3007468584065	-5.6215946425911785
898000	-8185.83102620256	810.0	-8179.466779479121	-6.3642467234387965
899000	-8185.534774630933	810.0	-8179.867633423171	-5.667141207761388
900000	-8184.199696331872	811.0	-8178.654575345547	-5.545120986324703
901000	-8188.980900916989	812.0	-8181.659356377612	-7.3215445393774115
902000	-8187.175725624636	813.0	-8181.965794918035	-5.2099307066005185
903000	-8184.5762802684	814.0	-8178.8802091697735	-5.6960710986268515
904000	-8186.388477906997	815.0	-8181.121091081993	-5.267386825003908
905000	-8187.728791755188	816.0	-8181.939149933802	-5.789641821386336
906000	-8184.92708066269	817.0	-8179.443467514811	-5.483613147878882
907000	-8188.248233814984	818.0	-8182.168365670583	-6.079868144401127
908000	-8187.666867021898	819.0	-8181.244293271471	-6.42257375042654
909000	-8184.799090986331	819.0	-8179.2422588579075	-5.556832128423767
910000	-8186.364362741607	820.0	-8180.403157539347	-5.961205202259792
911000	-8184.501433515936	821.0	-8178.957274477629	-5.544159038307361
912000	-8184.540134272271	822.0	-8179.015614444486	-5.524519827784226
913000	-8184.44292135302	823.0	-8179.004664670423	-5.438256682596758
914000	-8188.614371885729	824.0	-8183.332322077594	-5.282049808135451
915000	-8189.637292762447	825.0	-8184.093714508529	-5.543578253917839
916000	-8184.862210097022	826.0	-8178.759321131247	-6.102888965775384
917000	-8185.42518528756	827.0	-8179.310239289625	-6.114945997935013
918000	-8186.126744556947	828.0	-8179.778413838552	-6.348330718394777
919000	-8183.06064790953	828.0	-8177.656788734416	-5.403859175114141
920000	-8192.205522949023	829.0	-8180.655879929058	-11.549643019965107
921000	-8185.925286790549	830.0	-8180.329532155306	-5.595754635242997
922000	-8184.234599085084	831.0	-8178.475967409919	-5.758631675165056
923000	-8189.681852781625	832.0	-8183.500807911358	-6.181044870267564
924000	-8184.989147247438	833.0	-8179.602942550702	-5.386204696736357
925000	-8186.374261394622	834.0	-8179.9265766012795	-6.447684793343129
926000	-8184.172708605974	835.0	-8178.630277327477	-5.54243127849595
927000	-8184.929051128835	836.0	-8179.55949821642	-5.369552912415253
928000	-8184.864628552442	837.0	-8178.600231332799	-6.264397219642934
929000	-8185.117519446842	837.0	-8178.482402823182	-6.6351166236602825
930000	-8183.143722063502	838.0	-8177.374787220421	-5.768934843080269
931000	-8186.942838481495	839.0	-8181.175694596411	-5.767143885083664
932000	-8184.227840617719	840.0	-8178.883335214851	-5.344505402868382
933000	-8183.317662407258	841.0	-8177.895292768947	-5.422369638310176
934000	-8185.124201588239	842.0	-8179.423998450194	-5.700203138045385
935000	-8186.516152720109	843.0	-8181.158267005255	-5.357885714854343
936000	-8185.3405865769055	844.0	-8179.585376286081	-5.755210290825263
937000	-8188.529985521331	845.0	-8183.058874692093	-5.471110829238027
938000	-8184.01360072372	846.0	-8178.482801140784	-5.5307995829355185
939000	-8183.966498164087	846.0	-8177.736719502558	-6.229778661529211
940000	-8184.49717183835	847.0	-8178.597912846921	-5.899258991429835
941000	-8184.765346833478	848.0	-8179.16038879815	-5.60495803532859
942000	-8185.578271982545	849.0	-8179.387710545049	-6.1905614374959335
943000	-8185.428892855454	850.0	-8179.510163441507	-5.9187294139478235
944000	-8184.085538940942	851.0	-8178.799327224084	-5.286211716857586
945000	-8186.983584657802	852.0	-8181.139726722898	-5.843857934903769
946000	-8188.322663914509	853.0	-8181.718512774271	-6.604151140237061
947000	-8183.867942422107	854.0	-8178.714414682355	-5.153527739752063
948000	-8189.373978778811	855.0	-8183.618110235651	-5.75586854315983
949000	-8184.1210428417735	855.0	-8178.764722348501	-5.356320493272521
950000	-8184.9192673479165	856.0	-8178.02864349109	-6.890623856826272
951000	-8184.713819477979	857.0	-8178.372859282326	-6.340960195652759
952000	-8183.432127494528	858.0	-8177.789783340882	-5.642344153645227
953000	-8188.526305343237	859.0	-8178.663942904959	-9.86236243827836
954000	-8184.784676956032	860.0	-8178.772703777617	-6.011973178415138
955000	-8184.041715297762	861.0	-8178.8372623284085	-5.204452969352944
956000	-8188.080771423049	862.0	-8182.569404716946	-5.511366706102673
957000	-8186.038636705606	863.0	-8180.577810150655	-5.460826554951391
958000	-8185.137711475028	864.0	-8177.5039984783425	-7.633712996684648
959000	-8183.216660316507	864.0	-8177.136393479702	-6.080266836804732
960000	-8182.844367541436	865.0	-8177.304251902353	-5.540115639083435
961000	-8184.913551752598	866.0	-8179.347173619931	-5.566378132667391
962000	-8185.476062976559	867.0	-8178.479056015916	-6.997006960642379
963000	-8186.108784304187	868.0	-8179.548422091041	-6.560362213145263
964000	-8187.098513335825	869.0	-8180.888290313653	-6.21022302217246
965000	-8186.194269613474	870.0	-8180.731801337095	-5.462468276378605
966000	-8184.272200377639	871.0	-8178.773223345111	-5.498977032528236
967000	-8184.941519113436	872.0	-8178.77269875476	-6.168820358675648
968000	-8184.266801353343	873.0	-8178.86710677257	-5.3996945807726675
969000	-8185.325051201311	873.0	-8179.354420677704	-5.970630523607046
970000	-8191.681978762208	874.0	-8184.70546218313	-6.976516579077662
971000	-8187.1350564528375	875.0	-8181.20906672245	-5.925989730386932
972000	-8184.811926909138	876.0	-8178.199993297754	-6.611933611383579
973000	-8185.664558115885	877.0	-8180.264122226167	-5.400435889717702
974000	-8186.087211146449	878.0	-8179.741104627386	-6.346106519061895
975000	-8185.550590073226	879.0	-8179.343995043378	-6.206595029848101
976000	-8184.206203458261	880.0	-8178.097859857519	-6.108343600742186
977000	-8187.906526594746	881.0	-8182.243588978559	-5.6629376161861575
978000	-8187.351046560469	882.0	-8181.991060194003	-5.359986366466254
979000	-8183.024457963883	882.0	-8177.32419310668	-5.700264857203629
980000	-8187.6456752246695	883.0	-8182.197037534725	-5.448637689945311
981000	-8186.930817614197	884.0	-8180.811202060077	-6.119615554119578
982000	-8185.016791720203	885.0	-8179.407120801462	-5.6096709187415
983000	-8191.834477912488	886.0	-8186.430578145828	-5.403899766660572
984000	-8188.010565898111	887.0	-8182.189247361722	-5.8213185363889455
985000	-8187.507881885948	888.0	-8181.485463181259	-6.0224187046896684
986000	-8184.702718109144	889.0	-8179.404673410991	-5.298044698153738
987000	-8182.797919718836	890.0	-8176.697240939245	-6.100678779591329
988000	-8183.6539468783	891.0	-8178.19514133011	-5.458805548189996
989000	-8186.597329008643	891.0	-8180.434392699771	-6.16293630887218
990000	-8184.245406116848	892.0	-8178.66412588855	-5.581280228298332
991000	-8186.647335659621	893.0	-8181.287831761355	-5.359503898266105
992000	-8183.379693296767	894.0	-8177.769256444027	-5.61043685274065
993000	-8186.386385167987	895.0	-8180.863332501978	-5.5230526660085
994000	-8185.5173949040045	896.0	-8179.904325083295	-5.613069820709513
995000	-8184.318052180596	897.0	-8178.852928445701	-5.46512373489517
996000	-8183.496203360206	898.0	-8177.885199578078	-5.611003782128087
997000	-8184.980824059936	899.0	-8179.160198285664	-5.820625774272031
998000	-8184.349591927957	900.0	-8178.851719999214	-5.497871928742555
999000	-8187.800513348326	900.0	-8182.154219107392	-5.646294240933166
1000000	-8183.303936932282	901.0	-8176.9998012512715	-6.30413568101071
